Unnamed: 0,ID,World,Date,Important Trigger,Death,Description,Characters,degree_of_2
,1,Origin,08-11-1971,False,False,Marek argue with his father H.G. Tannhaus because he doesn't pay him enough attention.,"Marek Tannhaus, H.G. Tannhaus",False
,2,Origin,08-11-1971,False,False,"Marek, Sonja and their daugther Charlotte leave tannhaus shop and take the car although it's raining.","Marek Tannhaus, Sonja Tannhaus, Charlotte Tannhaus",True
,3,Origin,08-11-1971,False,True,"Marek, Sonja and little charlotte die in a car accident.","Marek Tannhaus, Sonja Tannhaus, Charlotte Tannhaus",True
,4,Origin,21-06-1976,False,False,Adult H.G. Tannhaus remembers his family.,H.G. Tannhaus,True
,5,Origin,21-06-1976,True,False,He wants to create a time machine to undo it all.,H.G. Tannhaus,True
,6,Origin,21-06-1976,False,False,He spends the next years building a time machine in the bunker.,H.G. Tannhaus,True
,7,Origin,21-06-1986,False,False,Old H.G. Tannhaus finishes his machine...,H.G. Tannhaus,True
,8,Origin,21-06-1986,True,False,... and activates it.,H.G. Tannhaus,True
,9,Origin,22-06-1986,False,False,"Instead of saving his family, he splits and destroys his world, thus creating both Adam and Eve worlds.",H.G. Tannhaus,False
,10,Origin (End),08-11-1971,False,False,Jonas and Martha arrive in the origin world.,"H.G. Tannhaus, Marek Tannhaus, Sonja Tannhaus, Jonas Kahnwald / Adam (J), Martha Nielsen / Eve (M), Charlotte Tannhaus",True
,11,Origin (End),08-11-1971,True,False,Jonas and Martha persuade Marek not to drive over the bridge where the fatal accident would have occurred.,"Jonas Kahnwald / Adam (J), Martha Nielsen / Eve (M), Marek Tannhaus, Sonja Tannhaus, Charlotte Tannhaus",False
,12,Origin (End),08-11-1971,False,False,Marek and his family return to Tannhaus' house. They live so H.G. Tannhaus never builds the time machine.,"H.G. Tannhaus, Marek Tannhaus, Sonja Tannhaus, Charlotte Tannhaus",False
,13,Origin (End),08-11-1971,False,False,"H.G. Tannhaus world remains, but Adam and Eve's worlds  - and all of their inhabitants - cease to exist.",,True
,14,Origin (End),08-11-1971,True,False,Jonas and Martha hold hands as they watch each other disappear.,"Martha Nielsen / Eve (M), Jonas Kahnwald / Adam (J)",False
,15,Martha,21-06-1986,False,False,Martha and Jonas enter the bridge.,"Martha Nielsen / Eve (M), Jonas Kahnwald / Adam (J)",True
,16,Martha,21-06-1986,False,False,Teen Jonas and Martha arrive to 1986.,"Jonas Kahnwald / Adam (J), Martha Nielsen / Eve (M)",True
,17,Martha,21-06-1986,False,False,Teen Jonas explains Martha that they are the glitch in the matrix.,"Jonas Kahnwald / Adam (J), Martha Nielsen / Eve (M)",True
,18,Martha,21-06-1986,False,False,Teen Jonas and Martha enter the caves and wait for the bridge that will lead them to the origin world.,"Jonas Kahnwald / Adam (J), Martha Nielsen / Eve (M)",True
,19,Martha,21-06-1986,False,False,The bridge opens.,"Jonas Kahnwald / Adam (J), Martha Nielsen / Eve (M)",True
,20,Martha,08-11-2019,False,False,Teen Jonas and Martha travel to 1986.,"Jonas Kahnwald / Adam (J), Martha Nielsen / Eve (M)",True
,21,Martha,08-11-2019,False,False,Teen Jonas finds Martha.,"Jonas Kahnwald / Adam (J), Martha Nielsen / Eve (M)",True
,22,Martha,08-11-2019,False,False,Adam and teen Jonas arrives to martha's world. Adam gives Jonas the time machine and explains his next step.,Jonas Kahnwald / Adam (J),False
,23,Martha,07-11-1920,False,False,Adam burns eve base ...,Jonas Kahnwald / Adam (J),True
,24,Martha,07-11-1920,False,False,... and travels to the future.,Jonas Kahnwald / Adam (J),True
,25,Martha,08-11-2052,False,False,Adam visits Eve headquarters.,"Martha Nielsen / Eve (M), Jonas Kahnwald / Adam (J)",True
,26,Martha,08-11-2052,False,False,Eve expects Adam to kill her but Adam has removed the cartidges from his gun.,"Martha Nielsen / Eve (M), Jonas Kahnwald / Adam (J)",True
,27,Martha,08-11-2052,False,False,"Instead of killing her, Adam takes Eve's hand. they hope that Jonas and Martha fulfill their mission.","Martha Nielsen / Eve (M), Jonas Kahnwald / Adam (J)",False
,28,Jonas,27-06-2020,True,False,Adam saves Jonas from the apocalypse.,Jonas Kahnwald / Adam (J),True
,29,Jonas,26-09-2053,False,False,They must use it to break the cycle. Martha and Jonas  must travel to the origin world.,"Jonas Kahnwald / Adam (J), Claudia Tiedemann (J)",True
,30,Jonas,26-09-2053,False,False,"During the Apocalypse, time stands still for a fraction of a second, breaking the chain of cause and effect. For a moment, there is a gap through which reality can proceed in two different directions: a switch at the knot of the time loop.","Jonas Kahnwald / Adam (J), Claudia Tiedemann (J)",True
,31,Jonas,26-09-2053,False,False,Old Claudia realized that they're not all part of the knot. They must remove the knot to destroy all that was born on it and keeping everything alive that already existed in the origin world.,"Jonas Kahnwald / Adam (J), Claudia Tiedemann (J)",True
,32,Jonas,26-09-2053,False,False,Adam and old Claudia arrive to sic mundus' headquarters.,"Jonas Kahnwald / Adam (J), Claudia Tiedemann (J)",True
,33,Martha,21-06-1985,False,False,The unknown trio break into the power plant.,Unknown,True
,34,Martha,22-06-1985,False,False,"They enter the volume control room in both worlds and simultaneously open a valve, triggering an accident.",Unknown,True
,35,Martha,23-06-1985,True,False,An explosion at the power plant causes the leak of radioactive material.,Unknown,True
,36,Martha,09-10-1986,False,False,Mads Nielsen goes missing.,Mads Nielsen (M),False
,37,Martha,04-11-1986,False,True,Mad's attempt to travel with Noah's machine.,"Mads Nielsen (M), Noah / Hanno Tauber (M)",True
,38,Martha,04-11-2019,True,False,"Mads nielsen's body appears in the bunker, being witnessed by them.","Mads Nielsen (M), Martha Nielsen / Eve (M), Kilian Obendorf (M), Bartosz Tiedemann (M), Magnus Nielsen (M), Franziska Doppler (M)",False
,39,Martha,22-11-2019,False,False,Erik Obendorf goes missing.,Erik Obendorf (M),False
,40,Martha,04-11-2019,False,False,The police continue investigating Erik's missing.,,True
,41,Martha,04-11-2019,False,False,Charlotte asks Aleksander to view the schedules of his employees to compare their tire tracks with the tracks they found.,"Charlotte Doppler (M), Aleksander Tiedemann / Boris Niewald (M)",False
,42,Martha,04-11-2019,False,False,Aleksander has the radioactive barrels moved from the cave into a truck.,Aleksander Tiedemann / Boris Niewald (M),False
,43,Martha,04-11-2019,False,False,"Martha, Kilian, Bartosz, Magnus, and Franziska go to the caves to investigate Erik's missing.","Martha Nielsen / Eve (M), Kilian Obendorf (M), Bartosz Tiedemann (M), Magnus Nielsen (M), Franziska Doppler (M)",False
,44,Martha,04-11-2019,False,False,They hear a strange sound in the caves and flee to hide in the bunker.,"Martha Nielsen / Eve (M), Kilian Obendorf (M), Bartosz Tiedemann (M), Magnus Nielsen (M), Franziska Doppler (M)",True
,45,Martha,04-11-2019,False,False,Martha use the time travel machine again.,Martha Nielsen / Eve (M),True
,46,Martha,04-11-2019,False,False,Jonas and Martha arrive to Martha's world and Martha says that is the beginning of everything.,"Martha Nielsen / Eve (M), Jonas Kahnwald / Adam (J)",False
,47,Martha,04-11-2019,False,False,Jonas visits the Kahnwald house and discovers that the Nielsen's family live there.,Jonas Kahnwald / Adam (J),True
,48,Martha,04-11-2019,False,False,Jonas visits the school Martha doesn't recognize him and she is dating with Kilian Obendorf.,"Martha Nielsen / Eve (M), Jonas Kahnwald / Adam (J), Kilian Obendorf (M)",True
,49,Martha,04-11-2019,False,False,"Jonas visits the cemetery and discovers that Michael's grave is missing. Instead, he sees Regina's grave.","Jonas Kahnwald / Adam (J), Regina Tiedemann / Doppler (M), Mikkel Nielsen / Michael Kahnwald (M)",True
,50,Martha,04-11-2019,False,False,Jonas talks with Martha and she has a déjà vu (or a glitch in the matrix).,"Jonas Kahnwald / Adam (J), Martha Nielsen / Eve (M)",False
,51,Martha,04-11-2019,False,False,"Eve, old Martha, explains to Jonas that he doesn't exists in her world because Mikkel didn't travel to 1986. and yet, both worlds are damned.","Martha Nielsen / Eve (M), Jonas Kahnwald / Adam (J)",True
,52,Martha,05-11-2019,False,False,Teen Jonas comes back to 2019.,Jonas Kahnwald / Adam (J),True
,53,Martha,05-11-2019,False,False,Ulrich thinks that someone has killed a child and put the clothes that Mads was wearing when he disappeared 33 years ago.,"Ulrich Nielsen (M), Charlotte Doppler (M)",False
,54,Martha,05-11-2019,False,False,Adult Charlotte investigates the bunker and finds a coin that belong to Helge.,Charlotte Doppler (M),True
,55,Martha,05-11-2019,False,False,Adult Helge confesses that he killed the kid and adult Ulrich confronts him.,"Helge Doppler (M), Ulrich Nielsen (M)",True
,56,Martha,05-11-2019,False,False,Hannah blackmails Alexsander Tiedemann since she has proof is an impostor.,"Hannah Nielsen (M), Aleksander Tiedemann / Boris Niewald (M)",True
,57,Martha,05-11-2019,False,False,Teen Jonas explains teen Martha that their lives are connected. He is going to show her future.,"Jonas Kahnwald / Adam (J), Martha Nielsen / Eve (M)",False
,58,Martha,05-11-2019,False,False,Teen Jonas and teen Martha travel to the future.,"Jonas Kahnwald / Adam (J), Martha Nielsen / Eve (M)",True
,59,Martha,06-11-2019,False,False,Teen Jonas and teen Martha return to Kanhwald's house.,"Jonas Kahnwald / Adam (J), Martha Nielsen / Eve (M)",True
,60,Martha,06-11-2019,True,False,They have sex and Martha gets pregnant with a son that will be the origin of everyone else in winden.,"Jonas Kahnwald / Adam (J), Martha Nielsen / Eve (M)",True
,61,Martha,07-11-2019,False,False,Martha says goodbye to her mother.,"Martha Nielsen / Eve (M), Katharina Nielsen (M)",True
,62,Martha,07-11-2019,False,False,Teen Jonas and teen Martha are going to intercept the truck with the barrels.,"Jonas Kahnwald / Adam (J), Martha Nielsen / Eve (M)",False
,63,Martha,07-11-2019,False,False,"Teen Martha gets injured. Teen Jonas recognizes the wound on her face: the Martha who brought him to Eve's world had the same scar. He stops in his tracks, unsure of who he can trust.","Martha Nielsen / Eve (M), Jonas Kahnwald / Adam (J)",True
,64,Martha,07-11-2019,False,False,Teen Jonas and teen Martha travel to Eve's base.,"Martha Nielsen / Eve (M), Jonas Kahnwald / Adam (J)",True
,65,Martha,07-11-2019,False,False,Aleksander explains Charlotte that the power plant is scheduled for decommission.,"Aleksander Tiedemann / Boris Niewald (M), Charlotte Doppler (M)",True
,66,Martha,07-11-2019,False,False,Charlotte asks Aleksander to view the schedules of his employees in 1986.,"Aleksander Tiedemann / Boris Niewald (M), Charlotte Doppler (M)",True
,67,Martha,07-11-2019,False,False,Adult charlotte accuses Helge because he finished working in 1986 20 minutes before the disappearance of Mads.,"Charlotte Doppler (M), Helge Doppler (M)",False
,68,Martha,08-11-2019,False,False,Adult charlotte shows adult Ulrich that Helge's penny is exactly the same penny founded in the little boy.,"Charlotte Doppler (M), Ulrich Nielsen (M)",True
,69,Martha,08-11-2019,False,False,Adult Ulrich finds out that the dead boy found is mads.,Ulrich Nielsen (M),True
,70,Martha,08-11-2019,False,False,Adult Ulrich visits Helge and tries to extract information from him.,"Ulrich Nielsen (M), Helge Doppler (M)",True
,71,Martha,08-11-2019,False,False,Helge runs away to try to stop his past self. He travels to 1986. Ulrich follows him into the caves and travels to 1986.,"Ulrich Nielsen (M), Helge Doppler (M)",True
,72,Martha,08-11-2019,False,False,Alexsander tiedemann reveals his true identity to Bartoszk.,"Aleksander Tiedemann / Boris Niewald (M), Bartosz Tiedemann (M)",True
,73,Martha,08-11-2019,False,False,"Alexsander Tiedemann wants to clear things up with the police, so he invites police officer adult Charlotte to the power site.","Aleksander Tiedemann / Boris Niewald (M), Charlotte Doppler (M)",True
,74,Martha,08-11-2019,False,False,Adult Alexsander and adult Charlotte open the barrel and release the god particle.,"Aleksander Tiedemann / Boris Niewald (M), Charlotte Doppler (M)",True
,75,Martha,08-11-2019,True,False,The apocalypse erupts in Winden.,,False
,76,Martha,08-11-2019,False,False,Noah saves teen Elisabeth.,"Noah / Hanno Tauber (M), Elisabeth Doppler (M)",False
,77,Martha,08-11-2019,False,False,Hannah's water breaks and old Egon saves her.,"Hannah Nielsen (M), Egon Tiedemann (M)",False
,78,Martha,08-11-2019,False,False,Adult Bartosz saves his younger version.,Bartosz Tiedemann (M),False
,79,Martha,08-11-2019,False,False,"They convince Martha to go with them, save teen Jonas and bring him back to her universe.","Martha Nielsen / Eve (M), Jonas Kahnwald / Adam (J)",False
,80,Martha,08-11-2019,False,False,Teen Martha arrives to 2019.,Martha Nielsen / Eve (M),True
,81,Martha,08-11-2019,False,False,Teen Martha cut her hair ...,Martha Nielsen / Eve (M),True
,82,Martha,08-11-2019,False,False,... and says goodbye (again) to her mother.,"Martha Nielsen / Eve (M), Katharina Nielsen (M)",True
,83,Martha,08-11-2019,False,False,Martha asks Bartosz for help to stop the apocalypse.,"Martha Nielsen / Eve (M), Bartosz Tiedemann (M)",True
,84,Martha,08-11-2019,False,False,Adult Franziska and adult Magnus stop Martha and Bartosz.,"Franziska Doppler (J), Magnus Nielsen (J), Martha Nielsen / Eve (M), Bartosz Tiedemann (M)",False
,85,Martha,08-11-1986,False,False,Adult Ulrich arrives to 1986 and visits Helge's cabin.,"Ulrich Nielsen (M), Helge Doppler (M)",True
,86,Martha,08-11-1986,False,False,Adult Ulrich tries to kill adult Helge so that he could prevent all the kids' murders.,"Ulrich Nielsen (M), Helge Doppler (M)",True
,87,Martha,08-11-1986,False,True,Old Helge kills adult Ulrich.,"Ulrich Nielsen (M), Helge Doppler (M)",False
,88,Martha,04-11-1920,False,False,"Eve explains to Jonas that both worlds converge in the same moment and the apocalypse will happen also in her world, in just 3 days.","Martha Nielsen / Eve (M), Jonas Kahnwald / Adam (J)",True
,89,Martha,05-11-1920,False,False,"Eve explains to Jonas that they are adam and eve, and they must save all of them.","Martha Nielsen / Eve (M), Jonas Kahnwald / Adam (J)",True
,90,Martha,05-11-1920,False,False,Eve explains to Jonas that they are connected by an invisible ribbon and show him the saint christopher medallion that he gave to her.,"Martha Nielsen / Eve (M), Jonas Kahnwald / Adam (J)",True
,91,Martha,05-11-1920,False,False,Eve ask teen Jonas to help teen martha to see her future.,"Martha Nielsen / Eve (M), Jonas Kahnwald / Adam (J)",False
,92,Martha,05-11-1920,False,False,The unknow trio bring to Eve the pocket clock and the Ariadne's book from old Tannhaus and the master key and the book of the power plant.,"Unknown, Martha Nielsen / Eve (M)",False
,93,Martha,05-11-1920,False,False,"In the Eve's headquarters, the adult Unkwon fills out the last page of the notebook.",Unknown,True
,94,Martha,07-11-1920,False,False,Teen Martha chooses the light side.,Martha Nielsen / Eve (M),True
,95,Martha,07-11-1920,False,False,Female stranger and the other teen Martha appear.,Martha Nielsen / Eve (M),False
,96,Martha,07-11-1920,False,False,Teen Jonas confronts Eve and she repeats the same words Adam said time ago: a man has three lives ...,"Jonas Kahnwald / Adam (J), Martha Nielsen / Eve (M)",True
,97,Martha,07-11-1920,False,False,Teen Martha and teen Jonas arrive to Eve's base.,"Jonas Kahnwald / Adam (J), Martha Nielsen / Eve (M)",True
,98,Martha,07-11-1920,True,True,Teen Martha from the future kills teen Jonas to ensure that Teen Martha will eventually turn into Eve.,"Jonas Kahnwald / Adam (J), Martha Nielsen / Eve (M)",True
,99,Martha,07-11-1920,False,False,Marthas travel to the future.,Martha Nielsen / Eve (M),True
,100,Martha,05-11-2052,False,False,Teen Martha and teen Jonas arrive to the future.,"Jonas Kahnwald / Adam (J), Martha Nielsen / Eve (M)",True
,101,Martha,05-11-2052,False,False,They meet the female stranger.,"Martha Nielsen / Eve (M), Jonas Kahnwald / Adam (J)",True
,102,Martha,06-11-2052,False,False,Female stranger explains to Martha that an apocalypse will happen in 2 days and everyone will die. They must stop it.,"Martha Nielsen / Eve (M), Jonas Kahnwald / Adam (J)",True
,103,Martha,06-11-2052,False,False,"Female stranger explains to Jonas there is no way to save both worlds. He must choose one of them. If he wants Mikkel to live he must sacrifice his Martha, his world.","Martha Nielsen / Eve (M), Jonas Kahnwald / Adam (J)",False
,104,Martha,06-11-2052,False,False,Teen Martha runs away. Jonas explains to her that he just wants to make all of this right again.,"Martha Nielsen / Eve (M), Jonas Kahnwald / Adam (J)",True
,105,Martha,06-11-2052,False,False,Teen Martha and Jonas come back to 2019.,Martha Nielsen / Eve (M),True
,106,Martha,06-11-2052,False,False,Noah enters in the bunker and says that Jonas and Martha will have a son that represents the origin of everyone.,Noah / Hanno Tauber (M),False
,107,Martha,08-11-2052,False,False,Teen Martha travels forward to 2019.,Martha Nielsen / Eve (M),False
,108,Martha,08-11-2052,False,False,Female stranger consuels future teen Martha.,Martha Nielsen / Eve (M),True
,109,Martha,08-11-2052,False,False,Female stranger writes again Martha's letter.,Martha Nielsen / Eve (M),True
,110,Martha,08-11-2052,False,False,Eve explains that there is a there is a switch point in the loop of time. The moment when she decides to takes jonas to her world or not.,Martha Nielsen / Eve (M),True
,111,Martha,08-11-2052,False,False,It creates two overlapping realities. Both realities repet endless in the loop. One triggers the other.,Martha Nielsen / Eve (M),True
,112,Martha,08-11-2052,False,False,"Adam is trying to destroy this loop so the ""origin"" will never born.",Jonas Kahnwald / Adam (J),True
,113,Martha,08-11-2052,False,False,Eve moves each of her tokens into position.,Martha Nielsen / Eve (M),False
,114,Martha,08-11-2052,False,False,Female stranger must send Martha's letter again to adult Jonas.,Martha Nielsen / Eve (M),True
,115,Martha,08-11-2052,False,False,Adult Bartosz must save himself.,Bartosz Tiedemann (M),True
,116,Martha,08-11-2052,False,False,Adult Claudia must guide herself to be their eyes in the other universe.,Claudia Tiedemann (M),True
,117,Martha,08-11-2052,False,False,"Old Egon must create his past, to preserve the family tree.",Egon Tiedemann (M),True
,118,Martha,08-11-2052,False,False,Noah must bring love to make everything new.,Noah / Hanno Tauber (M),True
,119,Martha,08-11-2052,False,False,Young Unknown and old Unknow travel to 1986 (Martha's world) and adult Unknown travels to 1986 (Jonas' world).,Unknown,True
,120,Martha,08-11-2052,False,False,Martha and Bartosz arrive to Martha's world.,"Martha Nielsen / Eve (M), Bartosz Tiedemann (M)",True
,121,Martha,08-11-2052,False,False,Martha confronts Eve.,Martha Nielsen / Eve (M),True
,122,Martha,08-11-2052,False,False,Eve cut Martha's face so she will never forget which side she belong on.,Martha Nielsen / Eve (M),True
,123,Martha,08-11-2052,False,False,Eve explains to Martha that she is pregnant with the origin of all life.,Martha Nielsen / Eve (M),True
,124,Martha,08-11-2052,False,False,The unknown enter the room and the boy goes to hug Martha. His son will only live if the knot is preserved.,"Martha Nielsen / Eve (M), Unknown",True
,125,Martha,08-11-2052,False,False,Everything must occur as it always. Martha must do what has always been done.,Martha Nielsen / Eve (M),True
,126,Martha,01-01-2040,False,False,"Old Claudia, impersonated as old Claudia (Martha's world), meets Eve and she gives her the time machine's blueprints for H.G. Tannhaus.","Martha Nielsen / Eve (M), Claudia Tiedemann (J)",False
,127,Jonas,23-09-2053,False,False,Martha meets Adam and tells him that she has fulfilled the mission.,"Martha Nielsen / Eve (M), Jonas Kahnwald / Adam (J)",False
,128,Jonas,24-09-2053,False,False,Agnes joins sic mundus again.,Agnes Nielsen (J),False
,129,Jonas,24-09-2053,False,False,Adam gives her the newspaper that shows old claudia's death.,"Agnes Nielsen (J), Jonas Kahnwald / Adam (J)",False
,130,Jonas,24-09-2053,False,False,Agnes say goodbye to Silja.,"Agnes Nielsen (J), Silja Tiedemann (J)",False
,131,Jonas,24-09-2053,False,False,Agnes leaves through the God Particle.,Agnes Nielsen (J),True
,132,Jonas,25-09-2053,False,False,"Adam explains adult Charlotte that in just one day they are going to unravel the knot. He wants to save his world, not Eve's.","Jonas Kahnwald / Adam (J), Charlotte Doppler (J)",True
,133,Jonas,25-09-2053,False,False,Adult charlotte and adult Elisabeth leave through the God Particle to 2041.,"Charlotte Doppler (J), Elisabeth Doppler (J)",True
,134,Jonas,24-09-2053,False,False,Martha reminds Adam that she has kept her end of the bargain. Now she wants to know what is the origin and how to destroy it.,"Martha Nielsen / Eve (M), Jonas Kahnwald / Adam (J)",True
,135,Jonas,24-09-2053,True,False,"Adam reveals to teen Martha that the female stranger didn't send teen Jonas and her to stop the apocalypse. Instead they created the seed: the beginning of the knot, and also its end.","Jonas Kahnwald / Adam (J), Martha Nielsen / Eve (M)",True
,136,Jonas,26-09-2053,False,False,Adam encloses Martha.,"Jonas Kahnwald / Adam (J), Martha Nielsen / Eve (M)",True
,137,Jonas,26-09-2053,False,False,"Adam wants to create a ""paradise"". Unending darkness in which nothing exists.",Jonas Kahnwald / Adam (J),True
,138,Jonas,26-09-2053,False,False,Silja frees Martha and takes her with Adam.,"Silja Tiedemann (J), Martha Nielsen / Eve (M)",False
,139,Jonas,26-09-2053,False,False,Adult Franziska and adult Magnus travel to find Martha.,"Franziska Doppler (J), Magnus Nielsen (J), Martha Nielsen / Eve (M)",True
,140,Jonas,26-09-2053,False,False,Teen Silja travel to 1890 to meet Bartosz.,"Silja Tiedemann (J), Bartosz Tiedemann (J)",True
,141,Jonas,26-09-2053,False,False,"Adam ties Martha up in the former cooling bash. he wants to destroy her and her unborn child, putting an end to both worlds.","Jonas Kahnwald / Adam (J), Martha Nielsen / Eve (M)",True
,142,Jonas,26-09-2053,False,False,Adam takes the St. Christopher medallion ...,Jonas Kahnwald / Adam (J),True
,143,Jonas,26-09-2053,False,False,... and activates the machine.,Jonas Kahnwald / Adam (J),True
,144,Jonas,26-09-2053,False,True,Martha dies ...,"Jonas Kahnwald / Adam (J), Martha Nielsen / Eve (M)",True
,145,Jonas,26-09-2053,False,False,... but nothing happens.,Jonas Kahnwald / Adam (J),True
,146,Jonas,26-09-2053,False,False,"Old Claudia arrives and explains to Adam that his attempt has failed due to quantum entanglement. Eve found a way to change the course of events, meaning there is a second pregnant Martha out there that will give birth and preserve the knot.","Claudia Tiedemann (J), Jonas Kahnwald / Adam (J)",True
,147,Jonas,26-09-2053,False,False,Old claudia reveals that the origin doesn't lies in the connection between both worlds but in reality it lies outside both of those worlds.,"Claudia Tiedemann (J), Jonas Kahnwald / Adam (J)",True
,148,Jonas,26-09-2053,True,False,There is a third world: the origin world.,"Claudia Tiedemann (J), Jonas Kahnwald / Adam (J)",True
,149,Jonas,26-09-2053,False,False,"Tannhaus, in the origin world, lost someone and he tried to bring them back from the death, but instead, he split and destroyed his world, thus creating both adam and eve worlds.","Claudia Tiedemann (J), Jonas Kahnwald / Adam (J)",True
,150,Jonas,26-09-2053,False,False,There is a way to destroy the knot by preventing the invention of travel through space and time in the origin world.,"Claudia Tiedemann (J), Jonas Kahnwald / Adam (J)",True
,151,Jonas,26-09-2053,False,False,Old Claudia has discovered quantum entanglement and the origin world.,"Claudia Tiedemann (J), Jonas Kahnwald / Adam (J)",True
,152,Jonas,01-06-2052,False,False,"Old Claudia explains adult Jonas his next steps. he have to set the course, no matter how hard it may seem.","Claudia Tiedemann (J), Jonas Kahnwald / Adam (J)",False
,153,Jonas,01-06-2052,False,False,Old Claudia tears the last pages.,Claudia Tiedemann (J),True
,154,Jonas,21-06-2052,False,False,Jonas learns from Claudia in the bunker/base of operations.,"Jonas Kahnwald / Adam (J), Claudia Tiedemann (J)",False
,155,Jonas,12-11-2052,False,False,Teen Jonas arrives from 1986 and is taken captive by Adult Elisabeth's people.,"Jonas Kahnwald / Adam (J), Elisabeth Doppler (J)",True
,156,Jonas,21-06-2053,False,False,Teen Jonas discovers the God Particle in the power plant ruins but it doesn't have enough fuel.,Jonas Kahnwald / Adam (J),True
,157,Jonas,22-06-2053,False,False,Jonas steals some fuel.,Jonas Kahnwald / Adam (J),False
,158,Jonas,22-06-2053,False,False,Teen Jonas is caught going into the dead zone and is sentenced to death by adult Elisabeth.,"Jonas Kahnwald / Adam (J), Elisabeth Doppler (J)",False
,159,Jonas,22-06-2053,False,False,Teen Jonas is hanged but adult Elisabeth saves his life at the last second.,"Jonas Kahnwald / Adam (J), Elisabeth Doppler (J)",True
,160,Jonas,22-06-2053,False,False,Silja breaks teen Jonas out of his cell and demands he show her what's really in the dead zone.,"Silja Tiedemann (J), Jonas Kahnwald / Adam (J)",False
,161,Jonas,22-06-2053,False,False,"Teen Jonas shows the young girl the god particle, temporarily stabilizes it, and goes through the portal.","Silja Tiedemann (J), Jonas Kahnwald / Adam (J)",False
,162,Jonas,21-06-2053,False,False,Adult Elisabeth executes three men for entering the dead zone.,"Elisabeth Doppler (J), Jonas Kahnwald / Adam (J)",False
,163,Jonas,24-06-2053,False,False,Adult Elisabeth catches the young girl leaving the power plant and they have a confrontation.,"Elisabeth Doppler (J), Silja Tiedemann (J)",True
,164,Jonas,27-06-2053,False,False,The date it's prophesied that the passage will open and everyone will be led into paradise by sic mundus.,,True
,165,Jonas,27-06-2053,False,False,Adult Elisabeth digs up a box of personal belongings.,Elisabeth Doppler (J),True
,166,Jonas,27-06-2053,False,False,Adult Elisabeth goes to the power plant and activates the god particle.,Elisabeth Doppler (J),False
,167,Jonas,27-06-2053,False,False,Adult Elisabeth makes contact with Charlotte when the wormhole is created allowing her to see into 2020.,"Elisabeth Doppler (J), Charlotte Doppler (J)",False
,168,Jonas,27-06-2053,False,False,Adult Charlotte and adult Elisabeth join sic mundus in 2053.,"Elisabeth Doppler (J), Charlotte Doppler (J)",False
,169,Jonas,27-06-2053,False,False,Sic mundus group arrive to 2053.,,True
,170,Jonas,01-06-2019,True,False,Wöller loses his eye.,Torben Wöller (J),False
,171,Jonas,20-06-2019,False,False,"Jonas, Magnus, Martha, and Bartosz go to the lake.","Jonas Kahnwald / Adam (J), Magnus Nielsen (J), Martha Nielsen (J), Bartosz Tiedemann (J)",False
,172,Jonas,20-06-2019,False,False,Jonas finds the St. Christopher medallion in the sand.,Jonas Kahnwald / Adam (J),False
,173,Jonas,20-06-2019,False,False,Martha gives Jonas the St. Christopher pendant that she made for him.,"Jonas Kahnwald / Adam (J), Martha Nielsen (J)",True
,174,Jonas,20-06-2019,False,False,Jonas arrives from 1921.,Jonas Kahnwald / Adam (J),True
,175,Jonas,20-06-2019,False,False,Jonas tells Adult Mikkel/Michael not to kill himself and shows him the suicide letter.,"Jonas Kahnwald / Adam (J), Mikkel Nielsen / Michael Kahnwald (J)",False
,176,Jonas,20-06-2019,False,False,Old Claudia interrupts and tells Teen Jonas they all must make sacrifices.,"Claudia Tiedemann (J), Jonas Kahnwald / Adam (J), Mikkel Nielsen / Michael Kahnwald (J)",False
,177,Jonas,20-06-2019,False,False,Old Claudia brings Jonas to the caves.,"Claudia Tiedemann (J), Jonas Kahnwald / Adam (J)",True
,178,Jonas,21-06-2019,False,False,Adult Mikkel/Michael writes the suicide letter.,Mikkel Nielsen / Michael Kahnwald (J),False
,179,Jonas,21-06-2019,True,True,Michael kahnwald hangs himself.,Mikkel Nielsen / Michael Kahnwald (J),True
,180,Jonas,02-09-2019,False,False,Jonas spends two months in a psychiatric facility while everyone else thinks he's in France.,Jonas Kahnwald / Adam (J),True
,181,Jonas,04-11-2019,False,False,Jonas returns to school and finds out that Martha and Bartosz are dating.,"Jonas Kahnwald / Adam (J), Martha Nielsen (J), Bartosz Tiedemann (J)",True
,182,Jonas,04-11-2019,False,False,"Jonas, Martha, Bartosz, Magnus, Mikkel and Franziska go to the caves to take erik's drug stash.","Jonas Kahnwald / Adam (J), Martha Nielsen (J), Magnus Nielsen (J), Bartosz Tiedemann (J), Franziska Doppler (J), Mikkel Nielsen / Michael Kahnwald (J)",False
,183,Jonas,04-11-2019,True,False,Mikkel nielsen goes missing.,Mikkel Nielsen / Michael Kahnwald (J),False
,184,Jonas,05-11-2019,False,False,Jonas finds a map of the caves in his father's room.,Jonas Kahnwald / Adam (J),True
,185,Jonas,07-11-2019,False,False,Jonas recieves a package from his future self containing a very aged version of his father's suicide note.,Jonas Kahnwald / Adam (J),False
,186,Jonas,07-11-2019,False,False,Jonas reads his father's letter.,Jonas Kahnwald / Adam (J),True
,187,Jonas,08-11-2019,False,False,Jonas finds the portal in the cave and travels to 1986.,Jonas Kahnwald / Adam (J),True
,188,Jonas,22-10-2019,False,False,Jürgen and Erik Obendorf traffic drugs in high school. They hide the stash in the caves.,"Erik Obendorf (J), Jürgen Obendorf",False
,189,Jonas,22-10-2019,False,False,Erik obendorf goes missing.,Erik Obendorf (J),False
,190,Jonas,04-11-2019,False,False,"Mads Nielsen's body appears in the bunker, being witnessed by Peter and Tronte.","Mads Nielsen (J), Peter Doppler (J), Tronte Nielsen (J)",True
,191,Jonas,04-11-2019,False,False,Old Claudia tells them to dispose of the body and gives them the Triquetra notebook.,"Claudia Tiedemann (J), Mads Nielsen (J), Peter Doppler (J), Tronte Nielsen (J)",True
,192,Jonas,05-11-2019,False,False,Mads is found dead in the forest.,"Mads Nielsen (J), Ulrich Nielsen (J), Charlotte Doppler (J)",False
,193,Jonas,05-11-2019,False,False,Ulrich finds a locked door in the caves.,Ulrich Nielsen (J),False
,194,Jonas,05-11-2019,False,False,Ulrich tries to investigate the nuclear plant but aleksander doesn't let him.,"Ulrich Nielsen (J), Aleksander Tiedemann / Boris Niewald (J)",False
,195,Jonas,05-11-2019,False,False,Ulrich starts investigating Jürgen Obendorf due to his truck's tracks.,Ulrich Nielsen (J),False
,196,Jonas,05-11-2019,False,False,Ulrich discovers Jürgen Obendorf and Erik Obendorf's drug stash.,Ulrich Nielsen (J),False
,197,Jonas,04-11-2019,False,False,The police start investigating the caves.,,False
,198,Jonas,05-11-2019,False,False,Aleksander has the radioactive barrels moved from the cave into a truck.,Aleksander Tiedemann / Boris Niewald (J),False
,199,Jonas,06-11-2019,False,False,Charlotte steals the records of the road camera and finds out Peter's car.,Charlotte Doppler (J),False
,200,Jonas,06-11-2019,False,False,charlotte discovers that the red sand is from peter's cabin. she discovers the bunker,Charlotte Doppler (J),True
,201,Jonas,06-11-2019,False,False,No one goes looking for Elisabeth at school and walks home. She meets Noah and gives him a Charlotte watch.,"Elisabeth Doppler (J), Noah / Hanno Tauber (J)",True
,202,Jonas,07-11-2019,False,False,Charlotte talks with Ulrich about the 33 year cycle.,"Charlotte Doppler (J), Ulrich Nielsen (J)",True
,203,Jonas,08-11-2019,False,False,Ulrich investigates the Mads' case.,Ulrich Nielsen (J),True
,204,Jonas,08-11-2019,False,False,Ulrich asks Jana about Mads. She says that he had a wound on his chin. She also tells him that Regina was the last person who saw Mads.,"Ulrich Nielsen (J), Jana Nielsen (J)",False
,205,Jonas,08-11-2019,False,False,Ulrich asks Regina about Mads and she blames him for dating with Khatarina. She also says that she didn't accuses him for raping Khatarina.,"Ulrich Nielsen (J), Regina Tiedemann (J)",True
,206,Jonas,08-11-2019,False,False,Ulrich discovers that Hannah accusesed him for raping Khatarina.,Ulrich Nielsen (J),True
,207,Jonas,08-11-2019,False,False,Ulrich threatens Hannah.,"Ulrich Nielsen (J), Hannah Kahnwald (J)",True
,208,Jonas,08-11-2019,False,False,Peter and Tronte wait in the bunker,"Peter Doppler (J), Tronte Nielsen (J)",False
,209,Jonas,08-11-2019,False,False,Ulrich finds out that the dead boy found is Mads,Ulrich Nielsen (J),True
,210,Jonas,09-11-2019,False,False,Ulrich reads Egon's notebook and suspects Helge.,Ulrich Nielsen (J),False
,211,Jonas,09-11-2019,False,False,Ulrich visits Helge and tries to extract information from him.,"Ulrich Nielsen (J), Helge Doppler (J)",True
,212,Jonas,09-11-2019,False,False,Helge runs away to try to stop his past self. He travels to 1986.,Helge Doppler (J),False
,213,Jonas,09-11-2019,False,False,Ulrich follows Helge into the caves and travels to 1953.,"Ulrich Nielsen (J), Helge Doppler (J)",True
,214,Jonas,09-11-2019,False,False,Jonas returns home but keeps his discovery a secret.,Jonas Kahnwald / Adam (J),True
,215,Jonas,09-11-2019,False,False,Jonas burns his father's suicide note.,Jonas Kahnwald / Adam (J),True
,216,Jonas,12-11-2019,False,False,Teen Jonas confronts Old Ines about Michael/Mikkel's identity. She gives him the letter.,"Jonas Kahnwald / Adam (J), Ines Kahnwald (J)",False
,217,Jonas,12-11-2019,False,False,Jonas travels to 1986 to bring back Mikkel.,Jonas Kahnwald / Adam (J),True
,218,Jonas,05-11-2019,False,False,The stranger comes out of the caves.,Jonas Kahnwald / Adam (J),True
,219,Jonas,05-11-2019,False,False,The Stranger checks into the Waldhotel.,Jonas Kahnwald / Adam (J),False
,220,Jonas,09-11-2019,False,False,The police finally get the permits to register the power plant.,,True
,221,Jonas,09-11-2019,False,False,Charlotte discovers the hide cave but they have already move the barrels.,Charlotte Doppler (J),False
,222,Jonas,09-11-2019,False,False,Charlotte discovers the locked door.,Charlotte Doppler (J),False
,223,Jonas,04-11-2019,False,False,Bartosz takes Erik's drugs bag.,Bartosz Tiedemann (J),True
,224,Jonas,07-11-2019,False,False,Noah calls Bartosz on the cellphone inside Erik's drugs bag.,"Noah / Hanno Tauber (J), Bartosz Tiedemann (J)",True
,225,Jonas,07-11-2019,False,False,Bartosz meets adult Noah.,"Bartosz Tiedemann (J), Noah / Hanno Tauber (J)",True
,226,Jonas,11-11-2019,False,False,Bartosz agrees to work with adult Noah.,"Bartosz Tiedemann (J), Noah / Hanno Tauber (J)",True
,227,Jonas,12-11-2019,False,False,Adult Noah gives Bartosz the Triquetra notebook and warns him to never trust Claudia.,"Bartosz Tiedemann (J), Noah / Hanno Tauber (J)",True
,228,Jonas,04-11-2019,False,False,Old Ines reads Adult Michael/Mikkel's letter at 22:13.,Ines Kahnwald (J),True
,229,Jonas,11-11-2019,False,False,Adult Regina sees the files in adult Jonas' hotel room.,Regina Tiedemann (J),True
,230,Jonas,21-06-2020,False,False,Adult Hannah is going to kill herself but Adult Jonas shows up,"Hannah Kahnwald (J), Jonas Kahnwald / Adam (J)",False
,231,Jonas,22-06-2020,False,False,Adult Jonas shows adult Hannah the time machine and takes adult Hannah to 1987.,"Hannah Kahnwald (J), Jonas Kahnwald / Adam (J)",False
,232,Jonas,22-06-1987,False,False,Adult Hannah and adult Jonas arrive in 1987 and see adult Ines and Mikkel/Michael.,"Hannah Kahnwald (J), Jonas Kahnwald / Adam (J), Ines Kahnwald (J), Mikkel Nielsen / Michael Kahnwald (J)",True
,233,Jonas,21-06-2020,False,False,Martha finds Adult Ulrich's police files in Child Mikkel/Michael's room and shows Teen Magnus.,"Martha Nielsen (J), Magnus Nielsen (J)",True
,234,Jonas,21-06-2020,False,False,Adult Noah gives Bartosz his time machine.,"Noah / Hanno Tauber (J), Bartosz Tiedemann (J)",True
,235,Jonas,21-06-2020,False,False,Clausen takes over the missing persons case after requesting it.,W. Clausen (J),False
,236,Jonas,21-06-2020,False,False,"In light of the nuclear phase-out, the winden power plant is scheduled for decommission.",,False
,237,Jonas,21-06-2020,False,False,Wöller brings the radioactive waste back to the power plant.,Torben Wöller (J),True
,238,Jonas,21-06-2020,True,False,Aleksander has the waste covered in concrete.,Aleksander Tiedemann / Boris Niewald (J),True
,239,Jonas,22-06-2020,False,False,"Clausen and adult Charlotte interview adult Regina, who tells them about adult Jonas and shows them his files from the hotel room.","W. Clausen (J), Charlotte Doppler (J), Regina Tiedemann (J)",False
,240,Jonas,22-06-2020,False,False,Charlotte and Peter move all investigation's files to the bunker.,"Charlotte Doppler (J), Peter Doppler (J)",True
,241,Jonas,24-06-2020,False,False,"Magnus, Martha, Franziska, and Child Elisabeth go to the caves where they run into Bartosz.","Magnus Nielsen (J), Martha Nielsen (J), Franziska Doppler (J), Elisabeth Doppler (J), Bartosz Tiedemann (J)",False
,242,Jonas,24-06-2020,False,False,They leave Bartosz tied up and take the time machine from him.,"Magnus Nielsen (J), Martha Nielsen (J), Franziska Doppler (J), Elisabeth Doppler (J), Bartosz Tiedemann (J)",True
,243,Jonas,24-06-2020,False,False,Adult Jonas finds Adult Hannah's gun.,"Jonas Kahnwald / Adam (J), Hannah Kahnwald (J)",True
,244,Jonas,24-06-2020,False,False,Adult Charlotte takes adult Hannah and adult Jonas to the bunker and shows them all the files she's collected.,"Charlotte Doppler (J), Hannah Kahnwald (J), Jonas Kahnwald / Adam (J)",False
,245,Jonas,24-06-2020,False,False,Charlotte brings Katharina to the bunker and they explain everything to her but she doesn't believe them.,"Charlotte Doppler (J), Katharina Nielsen (J), Hannah Kahnwald (J), Jonas Kahnwald / Adam (J)",True
,246,Jonas,24-06-2020,False,False,Katharina goes to the school records to look up Michael and finds the picture of child Mikkel in a class photo.,Katharina Nielsen (J),True
,247,Jonas,24-06-2020,False,False,"Clausen and Wöller interview adult Aleksander, with most questions being about his past.","W. Clausen (J), Torben Wöller (J), Aleksander Tiedemann / Boris Niewald (J)",True
,248,Jonas,25-06-2020,False,False,"They go into the caves to get answers from Bartosz, who tells them about the time machine. Bartosz takes them to 1987.","Magnus Nielsen (J), Martha Nielsen (J), Franziska Doppler (J), Elisabeth Doppler (J), Bartosz Tiedemann (J)",False
,249,Jonas,25-06-2020,False,False,Adult Jonas goes to Martha's bedroom and leaves the St. Christopher necklace for her.,Jonas Kahnwald / Adam (J),False
,250,Jonas,25-06-2020,False,False,Martha finds the necklace Adult Jonas left for her.,Martha Nielsen (J),False
,251,Jonas,25-06-2020,False,False,Adult Jonas confronts Adult Hannah about not loving Michael/Mikkel and her affair with adult Ulrich.,"Jonas Kahnwald / Adam (J), Hannah Kahnwald (J)",True
,252,Jonas,25-06-2020,False,False,Adult Noah tells Charlotte that he's her father and that he plans on killing Adam so that everyone will survive.,"Noah / Hanno Tauber (J), Charlotte Doppler (J)",False
,253,Jonas,26-06-2020,False,False,Charlotte tells adult Peter about adult Noah and the apocalypse.,"Charlotte Doppler (J), Peter Doppler (J)",True
,254,Jonas,26-06-2020,False,False,"Martha meets adult Jonas, who reveals his true identity to her.","Martha Nielsen (J), Jonas Kahnwald / Adam (J)",False
,255,Jonas,26-06-2020,False,False,Adult Hannah steals adult Jonas' time machine and leaves for 1954.,Hannah Kahnwald (J),True
,256,Jonas,26-06-2020,False,False,Teen Magnus brings the time machine to Martha and Adult Katharina.,"Magnus Nielsen (J), Martha Nielsen (J), Katharina Nielsen (J)",False
,257,Jonas,26-06-2020,False,False,Clausen arrests adult Aleksander for identity theft.,"W. Clausen (J), Aleksander Tiedemann / Boris Niewald (J)",True
,258,Jonas,26-06-2020,False,False,"Clausen reveals that his brother, Aleksander Köhler, disappeared in 1986 and that's whose identity Aleksander stole.","W. Clausen (J), Aleksander Tiedemann / Boris Niewald (J)",True
,259,Jonas,26-06-2020,False,False,Clausen says he knew to go to Winden to look for him because he had received a letter from an anonymous source.,"W. Clausen (J), Aleksander Tiedemann / Boris Niewald (J)",True
,260,Jonas,27-06-2020,False,False,Clausen gets a search warrant for the power plant and has them dig up the radioactive waste.,W. Clausen (J),False
,261,Jonas,27-06-2020,False,False,The God Particle is created and stabilized.,,False
,262,Jonas,27-06-2020,False,False,A wormhole between 2020 and 2053 opens up and allows Charlotte to make contact with adult Elisabeth.,"Charlotte Doppler (J), Elisabeth Doppler (J)",False
,263,Jonas,27-06-2020,False,False,Katharina finds the maps of the cave and flashlight in teen Jonas' room.,Katharina Nielsen (J),False
,264,Jonas,27-06-2020,False,False,Adult Katharina heads to the caves.,Katharina Nielsen (J),True
,265,Jonas,27-06-2020,False,False,Adult Katharina heads to the caves and opens the passage.,Katharina Nielsen (J),False
,266,Jonas,27-06-2020,False,False,Katharina leaves the time machine for Jonas.,Katharina Nielsen (J),False
,267,Jonas,27-06-2020,False,False,"Adult Jonas finds Bartosz, Magnus, and Franziska and uses the time machine to bring them to safety.","Jonas Kahnwald / Adam (J), Magnus Nielsen (J), Bartosz Tiedemann (J), Franziska Doppler (J)",True
,268,Jonas,27-06-2020,False,False,Adult Jonas pulls Alseksander's gun on Martha and forces her into the bunker.,"Jonas Kahnwald / Adam (J), Martha Nielsen (J)",True
,269,Jonas,27-06-2020,False,False,Adult jonas tells martha teen Jonas will return.,"Jonas Kahnwald / Adam (J), Martha Nielsen (J)",True
,270,Jonas,27-06-2020,False,False,Adult Peter takes child Elisabeth into the bunker. When they open it Martha escapes.,"Peter Doppler (J), Elisabeth Doppler (J), Martha Nielsen (J)",False
,271,Jonas,27-06-2020,False,False,Teen Noah arrives from 1921.,Noah / Hanno Tauber (J),True
,272,Jonas,27-06-2020,False,False,"Teen Noah gives adult Jonas a letter from Martha saying he must save Bartosz, Magnus, Franziska, Agnes, and Noah so that Martha will live.","Noah / Hanno Tauber (J), Jonas Kahnwald / Adam (J)",False
,273,Jonas,27-06-2020,False,False,"Teen Noah arrives at the bunker and joins adult Claudia, Regina, Peter, and young Elisabeth.","Noah / Hanno Tauber (J), Claudia Tiedemann (J), Regina Tiedemann (J), Peter Doppler (J), Elisabeth Doppler (J)",False
,274,Jonas,27-06-2020,False,False,Teen Jonas and adult Claudia arrive from 1987.,"Jonas Kahnwald / Adam (J), Claudia Tiedemann (J)",True
,275,Jonas,27-06-2020,False,False,Teen Jonas instructs adult Claudia to bring the time machine to the bunker.,"Jonas Kahnwald / Adam (J), Claudia Tiedemann (J)",False
,276,Jonas,27-06-2020,False,False,Adult claudia brings adult regina to the bunker.,"Claudia Tiedemann (J), Regina Tiedemann (J)",True
,277,Jonas,27-06-2020,False,False,Martha leaves the bunker and returns to the Kahnwald house where she finds teen Jonas.,"Martha Nielsen (J), Jonas Kahnwald / Adam (J)",False
,278,Jonas,27-06-2020,False,False,Adam arrives from 1921.,Jonas Kahnwald / Adam (J),True
,279,Jonas,27-06-2020,True,True,Adam kills Martha to ensure that Teen Jonas will eventually turn into Adam.,"Jonas Kahnwald / Adam (J), Martha Nielsen (J)",False
,280,Jonas,27-06-2020,False,False,Bartosz arrives to Jonas' world.,Bartosz Tiedemann (M),True
,281,Jonas,27-06-2020,True,False,Martha arrives to Jonas' world.,Martha Nielsen / Eve (M),False
,282,Jonas,27-06-2020,True,False,At the last possible moment Jonas saves himself by jumping down the basement stairs in his house. Jonas will become Adam and Martha will become Eve.,Jonas Kahnwald / Adam (J),False
,283,Jonas,27-06-2020,True,False,Martha arrives at the Kahnwald house and uses a new device to bring Jonas to safety to her universe. Adam will kill this Martha and Eve will kill this Jonas.,"Martha Nielsen / Eve (M), Jonas Kahnwald / Adam (J)",True
,284,Jonas,27-06-2020,False,False,Martha and Bartosz escape from the apocalypse.,"Martha Nielsen / Eve (M), Bartosz Tiedemann (M)",True
,285,Jonas,21-09-1888,False,False,Martha arrives to Tannhaus factory in 1888.,Martha Nielsen / Eve (M),True
,286,Jonas,21-09-1888,False,False,Adult Jonas is testing a machine. Martha tells him that they must find the origin of their worlds.,"Martha Nielsen / Eve (M), Jonas Kahnwald / Adam (J)",False
,287,Jonas,22-09-1888,False,False,"Martha meets adult Jonas, Bartosz, Magnus, and Frankiska. She tells them that she is going to fix everything so none of them will die.","Martha Nielsen / Eve (M), Jonas Kahnwald / Adam (J), Bartosz Tiedemann (J), Magnus Nielsen (J), Franziska Doppler (J)",True
,288,Jonas,22-09-1888,False,False,Martha says that teen Jonas told her where to find them but adult Jonas doesn't believe her as he has never travelled to her world.,"Martha Nielsen / Eve (M), Jonas Kahnwald / Adam (J)",True
,289,Jonas,22-09-1888,False,False,"Gustav Tannhaus, who seems to be the owner of the factory, introduces himself to Martha.","Martha Nielsen / Eve (M), Gustav Tannhaus (J)",False
,290,Jonas,22-09-1888,False,False,Teen Bartosz explains to Martha that they have run out of fuel and the machine stops working.,"Martha Nielsen / Eve (M), Bartosz Tiedemann (J)",True
,291,Jonas,22-09-1888,False,False,Teen Bartosz shows to Martha the secret society of sic mundus. Old Tannhaus is the only one of them left.,"Martha Nielsen / Eve (M), Bartosz Tiedemann (J)",True
,292,Jonas,22-09-1888,False,False,Adult Jonas is trying to rebuild the time machine he saw in 1921.,"Jonas Kahnwald / Adam (J), Martha Nielsen / Eve (M)",True
,293,Jonas,22-09-1888,False,False,Martha reveals to teen Bartosz that Jonas is Adam.,"Martha Nielsen / Eve (M), Bartosz Tiedemann (J)",True
,294,Jonas,23-09-1888,False,False,Teen Bartosz confronts adult Jonas and he reveals his true identity.,"Bartosz Tiedemann (J), Jonas Kahnwald / Adam (J)",True
,295,Jonas,23-09-1888,False,False,Adult Jonas explains to Martha that old Tannhaus's father formed sic mundus because he wanted to repair his past mistakes to save his wife. But all he did was condemn the world.,"Martha Nielsen / Eve (M), Jonas Kahnwald / Adam (J)",True
,296,Jonas,23-09-1888,False,False,Martha tries to gain Jonas' trust by giving him her last capsule with black matter.,"Jonas Kahnwald / Adam (J), Martha Nielsen / Eve (M)",True
,297,Jonas,23-09-1888,False,False,Adult Jonas' uses the black matter in the Tannhaus machine but something fails.,Jonas Kahnwald / Adam (J),True
,298,Jonas,23-09-1888,False,False,Martha escapes from Tannhaus' factory using another black matter ball.,Martha Nielsen / Eve (M),False
,299,Jonas,22-09-1888,False,False,"Gustav Tannhaus reminds Jonas that they are going to create a perfect world, a paradise, where every pain will be destroyed before it even exists.","Gustav Tannhaus (J), Jonas Kahnwald / Adam (J)",False
,300,Jonas,22-09-1888,False,False,"""Sic Mundus creatus est""","Gustav Tannhaus (J), Jonas Kahnwald / Adam (J)",False
,301,Jonas,23-09-1888,False,False,"Gustav Tannahus owns Ariadne's book (her mother's favourite book) and a pocket watch that has written ""For Charlotte"".",Gustav Tannhaus (J),True
,302,Jonas,23-09-1888,False,True,"Adult Unknown man kills Gustav Tannhaus, because he wants to reveal the existence of time travelers.","Gustav Tannhaus (J), Unknown",False
,303,Jonas,26-09-1888,False,False,Adult Jonas reads  Martha's letter ...,Jonas Kahnwald / Adam (J),True
,304,Jonas,26-09-1888,False,False,... and burns it.,Jonas Kahnwald / Adam (J),False
,305,Jonas,26-09-1888,False,False,Female stranger leaves Martha's letter again and Charlotte's pocket watch.,Martha Nielsen / Eve (M),False
,306,Jonas,26-09-1888,False,False,Adult Jonas tries to make the machine work.,Jonas Kahnwald / Adam (J),True
,307,Jonas,01-01-1890,False,False,Adult Jonas gets injured trying to make it work the time machine.,Jonas Kahnwald / Adam (J),True
,308,Jonas,01-01-1890,False,False,Adult jonas explains to teen Bartosz that he is trying to fix the time machine in order to find and destroy the origin.,"Jonas Kahnwald / Adam (J), Bartosz Tiedemann (J)",False
,309,Jonas,01-01-1890,False,False,Teen Silja meets teen Bartosz.,"Silja Tiedemann (J), Bartosz Tiedemann (J)",False
,310,Jonas,01-01-1890,False,False,Adult Jonas is no longer worried about preventing the apocalypse. He wants to destroy the knot and wipe out the world. Jonas has become Adam.,Jonas Kahnwald / Adam (J),True
,311,Jonas,01-01-1890,False,False,Silja arrives to 1890.,Silja Tiedemann (J),True
,312,Jonas,01-01-1904,False,False,Silja has a son with Bartosz and calls him Hanno.,"Silja Tiedemann (J), Bartosz Tiedemann (J)",True
,313,Jonas,01-01-1910,False,False,Silja dies giving birth to Agnes.,"Silja Tiedemann (J), Bartosz Tiedemann (J)",False
,314,Jonas,01-01-1911,False,False,Adult Hannah arrives to Tannahus' factory in 1911 with her daughter Silja. Eve told her where she could find her son.,"Hannah Kahnwald (J), Silja Tiedemann (J)",True
,315,Jonas,01-01-1911,False,False,Adult Hannah meets old Jonas.,"Hannah Kahnwald (J), Jonas Kahnwald / Adam (J)",False
,316,Jonas,01-01-1911,False,True,"Old jonas kills Hannah because she is not in the ""correct position"" ...","Hannah Kahnwald (J), Jonas Kahnwald / Adam (J)",True
,317,Jonas,01-01-1911,False,False,... and sends Silja into the future.,"Jonas Kahnwald / Adam (J), Silja Tiedemann (J)",False
,318,Jonas,21-06-1920,False,False,Adult Noah arrives to 1920 and meets teen Hanno.,Noah / Hanno Tauber (J),True
,319,Jonas,21-06-1920,False,False,Adult Noah meets Adam. He claims that Claudia was solely responsible for Charlotte's kidnapping.,"Noah / Hanno Tauber (J), Jonas Kahnwald / Adam (J)",True
,320,Jonas,21-06-1920,True,False,Noah shows Adam the leather notebook and Adam tells him that he can find out what happened to Charlotte in the missing pages. He also gives Noah a bible and tells him that Helge will assist him in his tasks.,"Noah / Hanno Tauber (J), Jonas Kahnwald / Adam (J)",True
,321,Jonas,21-06-1954,False,False,Adult Noah arrives in Winden and becomes the new priest under the name Hanno Tauber.,Noah / Hanno Tauber (J),False
,322,Jonas,08-01-1921,False,False,The photo of adult Noah and the sic mundus travelers is taken.,,False
,323,Jonas,21-06-1921,True,False,The passage in the caves is being built by teen Noah and adult Bartosz.,"Noah / Hanno Tauber (J), Bartosz Tiedemann (J)",False
,324,Jonas,21-06-1921,False,True,Teen Noah kills adult Bartosz on Adam's orders because he has lost faith.,"Noah / Hanno Tauber (J), Bartosz Tiedemann (J)",True
,325,Jonas,21-06-1921,False,False,Adult Noah counsels teen Noah to keep faith.,Noah / Hanno Tauber (J),True
,326,Jonas,21-06-1921,False,False,Adam tells adult Noah to find the missing pages in the Triquetra notebook.,"Noah / Hanno Tauber (J), Jonas Kahnwald / Adam (J)",True
,327,Jonas,23-06-1921,False,False,Noah lies to Adam about old Claudia having the missing Triquetra pages on her.,"Noah / Hanno Tauber (J), Jonas Kahnwald / Adam (J)",True
,328,Jonas,25-06-1921,False,False,Noah travels to 2020 to tell the truth to his daughter.,Noah / Hanno Tauber (J),True
,329,Jonas,25-06-1921,False,False,Adam is shown to have the St. Christopher necklace.,Jonas Kahnwald / Adam (J),False
,330,Jonas,23-06-1921,False,False,Jonas arrives from 2053.,Jonas Kahnwald / Adam (J),True
,331,Jonas,23-06-1921,False,False,Jonas sees a funeral.,Jonas Kahnwald / Adam (J),True
,332,Jonas,23-06-1921,False,False,"Jonas is taken to Erna's house to stay with her, young Agnes and teen Noah.","Jonas Kahnwald / Adam (J), Agnes Nielsen (J), Noah / Hanno Tauber (J), Erna Jung",True
,333,Jonas,24-06-1921,False,False,Jonas meets young Noah.,"Jonas Kahnwald / Adam (J), Noah / Hanno Tauber (J)",True
,334,Jonas,24-06-1921,False,False,Jonas tries to go through the tunnel but he finds out that it's not finished yet.,Jonas Kahnwald / Adam (J),False
,335,Jonas,24-06-1921,False,False,"Teen Noah and adult Noah take Jonas to meet old Adam, who reveals his true identity.","Jonas Kahnwald / Adam (J), Noah / Hanno Tauber (J)",True
,336,Jonas,25-06-1921,False,False,Teen Jonas asks old Jonas/Adam for answers.,Jonas Kahnwald / Adam (J),True
,337,Jonas,25-06-1921,False,False,Adam shows teen Jonas the god particle they created and explains that it's the key to teen Jonas breaking the 33-year cycle.,Jonas Kahnwald / Adam (J),True
,338,Jonas,25-06-1921,False,False,Jonas leaves for 2019 through the god particle to stop adult Mikkel/Michael from killing himself.,"Jonas Kahnwald / Adam (J), Mikkel Nielsen / Michael Kahnwald (J)",True
,339,Jonas,27-06-1921,False,False,Adult Noah counsels teen Noah about his role and ask him to give adult Jonas Martha's letter.,Noah / Hanno Tauber (J),False
,340,Jonas,27-06-1921,False,False,Teen Noah leaves for 2020.,Noah / Hanno Tauber (J),True
,341,Jonas,27-06-1921,False,False,Adult Noah confronts Adam with the missing Triquetra pages and says he's been used.,"Jonas Kahnwald / Adam (J), Noah / Hanno Tauber (J)",True
,342,Jonas,27-06-1921,False,True,Adult Noah tries to kill Adam but Adult Agnes arrives and kills Adult Noah.,"Noah / Hanno Tauber (J), Agnes Nielsen (J), Jonas Kahnwald / Adam (J)",True
,343,Jonas,27-06-1921,False,False,"Adult Magnus and Adult Franziska activate the God Particle, enabling Adam to leave for 2020.","Magnus Nielsen (J), Franziska Doppler (J), Jonas Kahnwald / Adam (J)",False
,344,Jonas,27-06-1921,True,False,Adult Magnus and adult Franziska face the god particle and await the end of the cycle.,"Magnus Nielsen (J), Franziska Doppler (J)",True
,345,Jonas,27-06-2020,True,False,The apocalypse erupts in Winden.,,False
,346,Jonas,22-09-2020,False,False,"Adult Peter and teen Elisabeth look for Charlotte and Franziska among the bodies. Since they are not there, they assume they are alive and have traveled.","Peter Doppler (J), Elisabeth Doppler (J)",False
,347,Jonas,22-09-2020,False,False,Adult Peter and teen Elisabeth meet teen Noah. he says that he will protect Elisabeth even after Peter is killed.,"Peter Doppler (J), Elisabeth Doppler (J), Noah / Hanno Tauber (J)",False
,348,Jonas,22-09-2020,False,False,Teen Elisabeth asks adult Peter for the notebook.,"Peter Doppler (J), Elisabeth Doppler (J)",True
,349,Jonas,22-09-2020,False,False,Adult Claudia takes care of adult Regina.,"Claudia Tiedemann (J), Regina Tiedemann (J)",False
,350,Jonas,22-09-2020,False,False,Adult Claudia prepares a family tree in the bunker and records her discoveries about the god particle.,Claudia Tiedemann (J),True
,351,Jonas,22-09-2020,True,False,"Old claudia asks adult Tronte to kill adult Regina, so adult Claudia can move heaven and earth to prevent it.","Claudia Tiedemann (J), Tronte Nielsen (J)",False
,352,Jonas,22-09-2020,False,True,"Old Tronte kills adult Regina because ""she said it's the only way to save you"".","Regina Tiedemann (J), Tronte Nielsen (J)",True
,353,Jonas,22-09-2020,False,False,Adult Claudia finds adult Regina dead.,"Claudia Tiedemann (J), Regina Tiedemann (J)",False
,354,Jonas,23-09-2020,False,False,Adult Claudia buries adult Regina.,"Claudia Tiedemann (J), Regina Tiedemann (J)",True
,355,Jonas,25-09-2020,False,False,Adult Claudia (Martha's world) asks adult Claudia (Jonas' world) to join the light side (Eve) instead of the shadow side (Adam).,"Claudia Tiedemann (J), Claudia Tiedemann (M)",False
,356,Jonas,25-09-2020,False,False,"She explains the meaning of the three cycles:

- teen Jonas opened the passage in 2020
- adult Jonas had previously shut in 2019
- the passage was opened in summer 1986 for the first time

in all three moments, they left behind traces of cesium residue. In every cycle, at each of these three moments, the cesium is carried throught the tunnel and back before it's completely decayed.

It exponentially expands endlessly, so it creates the passage.","Claudia Tiedemann (J), Claudia Tiedemann (M)",True
,357,Jonas,25-09-2020,False,False,Everything has to happen again. They must keep the loop.,"Claudia Tiedemann (J), Claudia Tiedemann (M)",True
,358,Jonas,25-09-2020,False,False,Adult claudia (Martha's world) gives adult Claudia (Jonas' world) the notebook and explains that she need lead everybody along the same path. She need the mantain the knot.,"Claudia Tiedemann (J), Claudia Tiedemann (M)",False
,359,Jonas,25-09-2020,False,False,Adult Claudia uses her time machine.,Claudia Tiedemann (M),True
,360,Jonas,25-09-2020,False,False,Adult Claudia reads the notebook.,Claudia Tiedemann (J),True
,361,Jonas,25-09-2020,False,False,"Teen Elisabeth returns to the trailer alone and finds a burglar there. He attacks her, ties her up, and tries to rape her.",Elisabeth Doppler (J),True
,362,Jonas,25-09-2020,False,True,Adult Peter surprises him. A fight ensues and Peter is killed.,"Peter Doppler (J), Elisabeth Doppler (J)",False
,363,Jonas,25-09-2020,False,True,Teen Elisabeth manages to free herself and kills the burglar with a fire extinguisher.,Elisabeth Doppler (J),True
,364,Jonas,25-09-2020,False,False,"Utterly distraught, she goes to the caves and teen Noah finds her.","Elisabeth Doppler (J), Noah / Hanno Tauber (J)",True
,365,Jonas,26-09-2020,False,False,Adult Claudia goes to the power plant and sees the god particle.,Claudia Tiedemann (J),True
,366,Jonas,26-09-2020,False,False,Jonas appears. He is trying to figure out a way for the god particle to work.,"Claudia Tiedemann (J), Jonas Kahnwald / Adam (J)",False
,367,Jonas,26-09-2020,False,False,Adult Claudia tells him that she still has the time machine but its broken.,"Claudia Tiedemann (J), Jonas Kahnwald / Adam (J)",True
,368,Jonas,26-09-2020,False,False,"Jonas doesn't trust adult Claudia. To convince him, she says that she can help him saving Martha.","Claudia Tiedemann (J), Jonas Kahnwald / Adam (J)",True
,369,Jonas,01-01-2021,False,False,"Teen Elisabeth and teen Noah discover the door that reads ""Sic mundus creatus est"", but the time travel is closed.","Elisabeth Doppler (J), Noah / Hanno Tauber (J)",True
,370,Jonas,01-01-2021,False,False,Teen Noah consoles teen Elisabeth by talking about the paradise promised by Adam.,"Elisabeth Doppler (J), Noah / Hanno Tauber (J)",True
,371,Jonas,01-01-2023,False,False,Teen Jonas and adult Claudia  try to make the god particle work without success.,"Jonas Kahnwald / Adam (J), Claudia Tiedemann (J)",True
,372,Jonas,01-01-2023,False,False,Teen Jonas can't take it anymore and tries to hang himself.,Jonas Kahnwald / Adam (J),True
,373,Jonas,01-01-2023,False,False,Teen Noah saves him and reminds him that he cannot die because his future version already exists. This is the start of a friendship between them.,"Jonas Kahnwald / Adam (J), Noah / Hanno Tauber (J)",False
,374,Jonas,01-01-2023,False,False,Teen Noah tells him that they have found the passage and reminds him that he must keep his promise.,"Jonas Kahnwald / Adam (J), Noah / Hanno Tauber (J)",True
,375,Jonas,01-01-2040,False,False,"Adult Jonas, adult Noah, and old Claudia work on stabilizing the time travel portal.","Jonas Kahnwald / Adam (J), Noah / Hanno Tauber (J), Claudia Tiedemann (J)",True
,376,Jonas,01-01-2040,False,False,Adult jonas tells that he changed the component in the passage and he thinks this time will be different.,"Jonas Kahnwald / Adam (J), Noah / Hanno Tauber (J)",True
,377,Jonas,01-01-2040,False,False,"They spend decades working on the project, leading Noah to doubt Claudia's efforts. He believes she is sabotaging her own work.","Jonas Kahnwald / Adam (J), Noah / Hanno Tauber (J)",False
,378,Jonas,01-01-2040,False,False,"Old claudia (Martha's world) reminds old Claudia (Jonas' world), that she must guide Jonas on his path.","Claudia Tiedemann (M), Claudia Tiedemann (J)",True
,379,Jonas,01-01-2040,False,False,"Old claudia (Jonas' world) remembers what her older version said:  ""If all of this works, our Regina will live."" Then, why does she need to suffer endlessly?","Claudia Tiedemann (M), Claudia Tiedemann (J)",True
,380,Jonas,01-01-2040,False,True,"Old claudia (Jonas' world), doesn't trust Eve anymore and kills old Claudia (Martha's world).","Claudia Tiedemann (J), Claudia Tiedemann (M)",True
,381,Jonas,01-01-2040,False,False,Old claudia (Jonas' world) steals old Claudia's (Martha's world) time machine and impersonates her identity.,"Claudia Tiedemann (J), Claudia Tiedemann (M)",True
,382,Jonas,01-01-2041,False,False,Adult Charlotte and adult Elisabeth arrive to 2041.,"Charlotte Doppler (J), Elisabeth Doppler (J)",True
,383,Jonas,01-01-2041,False,False,They take little Charlotte to bring her to H.G. Tannhaus.,"Charlotte Doppler (J), Elisabeth Doppler (J)",False
,384,Jonas,01-01-2041,False,False,Adult Noah and adult Elisabeth realize that Charlotte has disappeared.,"Noah / Hanno Tauber (J), Elisabeth Doppler (J), Charlotte Doppler (J)",False
,385,Jonas,01-01-2041,False,False,Adult Noah threatens adult Jonas but he doesn't know where Charlotte is.,"Noah / Hanno Tauber (J), Jonas Kahnwald / Adam (J)",False
,386,Jonas,01-01-2041,False,False,Noah grabs the notebook and vows to find Charlotte.,Noah / Hanno Tauber (J),True
,387,Jonas,01-01-2041,False,False,"After decades of failed attempts, adult Jonas and old Claudia succeed in building a time travel portal in the ruins of the power plant.","Jonas Kahnwald / Adam (J), Claudia Tiedemann (J)",False
,388,Jonas,21-06-1986,True,False,An explosion at the power plant causes the leak of radioactive material.,,False
,389,Jonas,21-06-1986,False,False,Old Bernd covers it up and puts the resulting radioactive waste in yellow barrels hidden in a cave.,Bernd Doppler (J),False
,390,Jonas,21-06-1986,False,False,The explosion opens the portal in the passage.,,False
,391,Jonas,21-06-1986,True,False,Adult Noah and adult Helge start kidnapping children in order to test the chair machine.,"Noah / Hanno Tauber (J), Helge Doppler (J)",False
,392,Jonas,09-10-1986,False,False,Young Katharina and young Ulrich bind young Regina to a tree.,"Katharina Nielsen (J), Ulrich Nielsen (J), Regina Tiedemann (J)",False
,393,Jonas,09-10-1986,False,False,Mads accompanies Regina to her house and gets lost in the woods.,"Mads Nielsen (J), Regina Tiedemann (J)",True
,394,Jonas,09-10-1986,False,False,Mads Nielsen goes missing.,Mads Nielsen (J),False
,395,Jonas,04-11-1986,False,True,Mad's attempt to travel with Noah's machine.,"Mads Nielsen (J), Helge Doppler (J)",False
,396,Jonas,05-11-1986,False,True,"Erik is transported to 1953 through the chair, but dies in the process.","Erik Obendorf (J), Helge Doppler (J)",True
,397,Jonas,05-11-1986,False,False,Claudia is given Tannhaus's book about time travel by Helge.,"Claudia Tiedemann (J), Helge Doppler (J)",False
,398,Jonas,05-11-1986,False,False,It is Claudia's first day running the power plant.,Claudia Tiedemann (J),True
,399,Jonas,05-11-1986,False,False,Old Bernd shows adult Claudia the radioactive waste in the caves.,"Claudia Tiedemann (J), Bernd Doppler (J)",False
,400,Jonas,05-11-1986,False,False,"A shepherd shows Egon 33 dead sheep. It seems that now he is a believer, because a new priest has come to Winden.",Egon Tiedemann (J),False
,401,Jonas,05-11-1986,False,False,Mikkel travels throught the caves to 1986.,Mikkel Nielsen / Michael Kahnwald (J),True
,402,Jonas,05-11-1986,False,False,Mikkel goes to the police and Egon takes him to the hospital,"Mikkel Nielsen / Michael Kahnwald (J), Egon Tiedemann (J)",False
,403,Jonas,07-11-1986,False,False,Adult Claudia confronts old Bernd about the summer's accident.,"Claudia Tiedemann (J), Bernd Doppler (J)",True
,404,Jonas,07-11-1986,False,False,Teen Hannah accuses Ulrich of raping Katharina.,Hannah Kahnwald (J),False
,405,Jonas,07-11-1986,False,False,Ulrich is arrested on charges of raping Katharina.,Ulrich Nielsen (J),True
,406,Jonas,07-11-1986,False,False,Adult Noah visits Mikkel at the hospital.,"Mikkel Nielsen / Michael Kahnwald (J), Noah / Hanno Tauber (J)",True
,407,Jonas,07-11-1986,False,False,Child Mikkel/Michael and teen Hannah formally meet at the hospital.,"Mikkel Nielsen / Michael Kahnwald (J), Hannah Kahnwald (J)",True
,408,Jonas,07-11-1986,False,False,The stranger arrives from 2019 to visit old H.G. Tannhaus and asks him to fix the machine so he can destroy the wormhole.,"Jonas Kahnwald / Adam (J), H.G. Tannhaus",True
,409,Jonas,08-11-1986,False,True,"Yasin is transported to 1953 through the chair, but dies in the process.","Yasin Friese (J), Helge Doppler (J)",True
,410,Jonas,06-11-2019,False,False,Yasin Friese disappears in the woods.,"Yasin Friese (J), Helge Doppler (J)",False
,411,Jonas,08-11-1986,False,False,Young Jonas arrives from 2019.,Jonas Kahnwald / Adam (J),True
,412,Jonas,09-11-1986,False,False,Old Egon questions teen Katharina.,"Egon Tiedemann (J), Katharina Nielsen (J)",False
,413,Jonas,09-11-1986,False,False,Adult Ines adopts child Mikkel/Michael.,"Mikkel Nielsen / Michael Kahnwald (J), Ines Kahnwald (J)",True
,414,Jonas,09-11-1986,False,False,Young Jonas finds Mikkel at the hospital.,"Mikkel Nielsen / Michael Kahnwald (J), Jonas Kahnwald / Adam (J)",True
,415,Jonas,09-11-1986,True,False,"Jona encounters his older self, who tells him no to interfere.",Jonas Kahnwald / Adam (J),False
,416,Jonas,09-11-1986,False,False,Jonas goes back to 2019.,Jonas Kahnwald / Adam (J),True
,417,Jonas,09-11-1986,False,False,Egon writes on his police notebook that Helge drove down the long way on the night Mads goes missing.,Egon Tiedemann (J),False
,418,Jonas,10-11-1986,False,False,H.G. Tannhaus teaches the stranger about time travel.,"H.G. Tannhaus, Jonas Kahnwald / Adam (J)",True
,419,Jonas,11-11-1986,False,False,Teen Hannah tells Teen Katharina that Teen Regina was the false witness to the rape.,"Hannah Kahnwald (J), Katharina Nielsen (J)",True
,420,Jonas,11-11-1986,False,False,Teen Ulrich is released from prison.,Ulrich Nielsen (J),True
,421,Jonas,11-11-1986,False,False,Teen Aleksander rescues teen Regina from teen Katharina and teen Ulrich.,"Aleksander Tiedemann / Boris Niewald (J), Regina Tiedemann (J), Ulrich Nielsen (J), Katharina Nielsen (J)",False
,422,Jonas,11-11-1986,False,False,Adult Claudia hires Teen Aleksander to weld the door between the power plant and the caves shut.,"Claudia Tiedemann (J), Aleksander Tiedemann / Boris Niewald (J)",False
,423,Jonas,11-11-1986,False,False,Teen Boris Niewald arrives in Winden and adopts the identity of Aleksander Köhler.,Aleksander Tiedemann / Boris Niewald (J),False
,424,Jonas,11-11-1986,False,False,Hannah found the hidden bag of Boris with the gun and the fake passport.,Hannah Kahnwald (J),True
,425,Jonas,11-11-2019,False,False,Hannah blackmails Aleksander Tiedemann since she has proof he is an imposter.,"Hannah Kahnwald (J), Aleksander Tiedemann / Boris Niewald (J)",False
,426,Jonas,11-11-1986,False,False,Elder Helge arrives from 2019.,Helge Doppler (J),True
,427,Jonas,11-11-1986,False,False,Elder Helge tries to stop adult Helge but he runs away.,Helge Doppler (J),True
,428,Jonas,11-11-1986,False,False,Claudia finds Gretchen on the caves.,"Claudia Tiedemann (J), gretchen",False
,429,Jonas,12-11-1986,False,True,"Old Helge attempts to kill adult Helge in a car accident, but adult Helge survives and Old Helge dies.",Helge Doppler (J),True
,430,Jonas,12-11-1986,False,False,Adult Helge goes to the psychiatric hospital.,Helge Doppler (J),True
,431,Jonas,12-11-1986,False,False,Adult Jonas returns to Old H.G. Tannhaus' shop and picks up the finished time machine.,"Jonas Kahnwald / Adam (J), H.G. Tannhaus",True
,432,Jonas,12-11-1986,False,False,Jonas arrives from 2019.,Jonas Kahnwald / Adam (J),True
,433,Jonas,12-11-1986,False,False,Jonas goes to the hospital but is stopped by Noah and adult Helge.,"Jonas Kahnwald / Adam (J), Noah / Hanno Tauber (J), Helge Doppler (J)",True
,434,Jonas,12-11-1986,False,False,Jonas wakes up in the bunker and his future self reveals his true identity.,Jonas Kahnwald / Adam (J),False
,435,Jonas,12-11-1986,False,False,Adult Jonas fails to destroy the passage but he succeeds in closing it.,Jonas Kahnwald / Adam (J),True
,436,Jonas,12-11-1986,True,False,The time portal opens over Winden.,,False
,437,Jonas,12-11-1986,False,False,Jonas touches little Helge through the portal and travels to 2052.,"Jonas Kahnwald / Adam (J), Helge Doppler (J)",True
,438,Jonas,12-11-1986,False,False,Child Helge arrives to 1986 through the wormhole after touching Jonas.,"Helge Doppler (J), Jonas Kahnwald / Adam (J)",True
,439,Jonas,12-11-1953,True,False,The time portal opens over Winden.,,False
,440,Jonas,12-11-2019,True,False,The time portal opens over Winden.,,True
,441,Jonas,12-11-2052,True,False,The time portal opens over Winden.,,False
,442,Jonas,11-11-2019,False,False,The stranger extracts a bit of substance from the radioactive waste in the truck.,Jonas Kahnwald / Adam (J),False
,443,Jonas,22-06-1987,False,False,Old Claudia visits Adult Claudia at her office at the power plant and reveals her identity.,Claudia Tiedemann (J),True
,444,Jonas,22-06-1987,False,False,Old Claudia shows Adult Claudia the time machine in the caves and tells her she must stop Adam.,Claudia Tiedemann (J),False
,445,Jonas,22-06-1987,False,False,Old Egon visits adult Helge in the psychiatric hospital and asks him about Mads' disappearancet.,"Egon Tiedemann (J), Helge Doppler (J)",True
,446,Jonas,22-06-1987,False,False,Old Egon first visits old Ulrich in the psych ward.,"Egon Tiedemann (J), Ulrich Nielsen (J)",False
,447,Jonas,22-06-1987,False,False,Adult Claudia digs up the time machine that old Claudia had buried for her.,Claudia Tiedemann (J),False
,448,Jonas,23-06-1987,False,False,Adult Claudia visits Old H.G. Tannhaus and he explains that A Journey Through Time traveled to him from the future before he wrote it.,"Claudia Tiedemann (J), H.G. Tannhaus",False
,449,Jonas,23-06-1987,False,False,Old Egon visits adult Claudia at her office and tells her he has prostate cancer.,"Egon Tiedemann (J), Claudia Tiedemann (J)",False
,450,Jonas,23-06-1987,False,False,Adult Claudia travels to 2020.,Claudia Tiedemann (J),True
,451,Jonas,23-06-1987,False,False,Old Egon returns to old Ulrich and shows him Mikkel/Michael's photo.,"Egon Tiedemann (J), Ulrich Nielsen (J)",True
,452,Jonas,23-06-1987,False,False,Adult Noah successfully transports child Helge to 1954 through the chair.,"Noah / Hanno Tauber (J), Helge Doppler (J)",True
,453,Jonas,24-06-2020,False,False,Adult Claudia arrives from 1987 and learns adult Regina has cancer.,"Claudia Tiedemann (J), Regina Tiedemann (J)",True
,454,Jonas,24-06-2020,False,False,"Adult Claudia goes to the library and researches her family, discovering Egon's impending death.",Claudia Tiedemann (J),True
,455,Jonas,24-06-2020,False,False,Adult Claudia leaves to return to 1987.,Claudia Tiedemann (J),True
,456,Jonas,24-06-1987,False,False,Adult Claudia returns from 2020.,Claudia Tiedemann (J),True
,457,Jonas,25-06-1987,False,False,Adult Claudia asks old Egon to move in with her in the hopes of avoiding his death.,"Claudia Tiedemann (J), Egon Tiedemann (J)",False
,458,Jonas,25-06-1987,False,False,Old Ulrich breaks out of the psychiatric hospital and finds Mikkel/Michael.,"Ulrich Nielsen (J), Mikkel Nielsen / Michael Kahnwald (J)",True
,459,Jonas,25-06-1987,False,False,Old Egon and the police stop old Ulrich from taking Mikkel/Michael.,"Egon Tiedemann (J), Ulrich Nielsen (J), Mikkel Nielsen / Michael Kahnwald (J)",False
,460,Jonas,25-06-1987,False,False,Old Ulrich sees the kids from inside the police car but is unable to make contact.,"Ulrich Nielsen (J), Magnus Nielsen (J), Franziska Doppler (J), Martha Nielsen (J), Bartosz Tiedemann (J), Elisabeth Doppler (J)",False
,461,Jonas,25-06-1987,False,False,"Teen Magnus, teen Franziska, teen Martha, teen Bartosz, and child Elisabeth arrive from 2020.","Magnus Nielsen (J), Franziska Doppler (J), Martha Nielsen (J), Bartosz Tiedemann (J), Elisabeth Doppler (J)",False
,462,Jonas,26-06-1987,False,False,Old Ulrich goes to the psych ward.,Ulrich Nielsen (J),True
,463,Jonas,26-06-1987,False,False,"Old Egon wants to have the police search the caves, but adult Claudia refuses.","Egon Tiedemann (J), Claudia Tiedemann (J)",True
,464,Jonas,26-06-1987,False,True,"When old Egon doesn't listen, they fight and he falls and hits his head.","Egon Tiedemann (J), Claudia Tiedemann (J)",False
,465,Jonas,26-06-1987,True,False,"Adult Claudia decides to let old Egon die, thinking this is the sacrifice she needs to make to save Regina.","Egon Tiedemann (J), Claudia Tiedemann (J)",True
,466,Jonas,26-06-1987,False,False,"Teen Jonas, after spending a year learning from old Claudia, arrives at adult Claudia's house and says she must come with him immediately.","Jonas Kahnwald / Adam (J), Claudia Tiedemann (J)",False
,467,Jonas,27-06-1987,False,False,Teen Jonas brings adult Claudia to take an isotope from the waste in the caves.,"Jonas Kahnwald / Adam (J), Claudia Tiedemann (J)",True
,468,Jonas,27-06-1987,False,False,Teen Jonas and adult Claudia use the time machine and reopen the passage.,"Jonas Kahnwald / Adam (J), Claudia Tiedemann (J)",False
,469,Jonas,27-06-1987,False,False,Teen Jonas and adult Claudia leave for 2020.,"Jonas Kahnwald / Adam (J), Claudia Tiedemann (J)",True
,470,Jonas,21-09-1987,False,False,The unknown break in Sic Mundus headquarters. they steal blueprints for the time machine before setting the room on fire.,Unknown,False
,471,Jonas,21-09-1987,False,True,Unknown trio kill Bernd Doppler to get the power plant's master key.,"Unknown, Bernd Doppler (J)",True
,472,Jonas,22-09-1987,False,True,Unknown trio kill Claudia's secretary to get the power plant's blueprints.,Unknown,True
,473,Jonas,22-09-1987,False,False,Adult Katharina asks in the police station about Mikkel and they tell her that they took him to another place after an old man tried to take him again.,Katharina Nielsen (J),False
,474,Jonas,22-09-1987,False,False,"Adult Katharina meets her mother, Helene Albers, at the pysch ward and ask her to visit the old man. ","Katharina Nielsen (J), Helene Albers (J)",True
,475,Jonas,22-09-1987,False,False,Adult Katharina convinces Helene because Helene recognizes the Saint Christopher pendant.,"Katharina Nielsen (J), Helene Albers (J)",False
,476,Jonas,22-09-1987,False,False,Adult Katharina meets old Ulrich and tell him that she is going to help him to escape.,"Katharina Nielsen (J), Ulrich Nielsen (J)",True
,477,Jonas,22-09-1987,False,False,Adult Katharina rests in the Kahnwald's house. Adult Ines and Mikkel have been missing for 3 months.,Katharina Nielsen (J),False
,478,Jonas,22-09-1987,False,False,"Adult Katharina visits the school looking for Mikkel. She meets teen Ulrich, teen Katharina and teen Hannah.","Katharina Nielsen (J), Ulrich Nielsen (J), Hannah Kahnwald (J)",True
,479,Jonas,22-09-1987,False,False,Adult Jana is upset with adult Tronte because she knows that he was with Claudia the day that mads went missing.,"Jana Nielsen (J), Tronte Nielsen (J), Claudia Tiedemann (J)",False
,480,Jonas,22-09-1987,False,False,Adult Tronte asks for Claudia at the power plant. Her secretary says Claudia looked weird a few days before her disappearance.,Tronte Nielsen (J),False
,481,Jonas,25-09-1987,False,False,Adult Katharina plans to steal the pysch ward's keys from her mother and asks Ulrich to wait for her.,"Katharina Nielsen (J), Ulrich Nielsen (J)",True
,482,Jonas,25-09-1987,False,False,Adult Katharina follow her mother and tries to steal the psych ward's keys.,"Katharina Nielsen (J), Helene Albers (J)",True
,483,Jonas,25-09-1987,False,True,Adult Helene kills adult Katharina on the lake shore.,"Katharina Nielsen (J), Helene Albers (J)",False
,484,Jonas,25-09-1987,False,False,The Saint Christopher pendant get lost in the sand.,,True
,485,Jonas,25-09-1987,False,False,Poor Ulrich stays alone in the pysch ward.,Ulrich Nielsen (J),False
,486,Jonas,25-09-1987,False,False,Adult Ines and teen Michael come back to home.,"Ines Kahnwald (J), Mikkel Nielsen / Michael Kahnwald (J)",False
,487,Jonas,25-09-1987,False,False,"Old H.G. Tannhaus shows to teen Charlotte a photo of his son, his son's wife and his granddaughter.","H.G. Tannhaus, Charlotte Doppler (J)",True
,488,Jonas,25-09-1987,False,False,They had an accident and his son and his wife died. His granddaughter's body never appeared.,"H.G. Tannhaus, Charlotte Doppler (J)",True
,489,Jonas,25-09-1987,False,False,"That day, two women handed H.G. Tannhaus a little Charlotte. She only carried a pocket watch with her name.","H.G. Tannhaus, Charlotte Doppler (J)",True
,490,Jonas,25-09-1987,False,False,Teen peter arrives to Winden and teen Charlotte meets him.,"Charlotte Doppler (J), Peter Doppler (J)",False
,491,Jonas,01-07-1953,True,False,Plans to build the power plant begin.,,False
,492,Jonas,05-11-1953,False,False,Erik's corpse appears in the bunker from 1986.,Erik Obendorf (J),True
,493,Jonas,10-11-1953,False,False,The bodies of Erik and Yasin are found buried in a pile of sand in the nuclear plant.,Yasin Friese (J),False
,494,Jonas,09-11-1953,False,False,Adult Helge disposes of Yasin's body.,"Helge Doppler (J), Yasin Friese (J)",True
,495,Jonas,10-11-1953,False,False,Ulrich visits H.G. Tannhaus. child Jana and child Ines appear in the shop and talk about the bodies.,"Ulrich Nielsen (J), H.G. Tannhaus, Jana Nielsen (J), Ines Kahnwald (J)",False
,496,Jonas,10-11-1953,False,False,Ulrich arrives from 2019.,Ulrich Nielsen (J),False
,497,Jonas,10-11-1953,False,False,Ulrich met his grandmother Agnes and his father Tronte.,"Ulrich Nielsen (J), Agnes Nielsen (J), Tronte Nielsen (J)",False
,498,Jonas,10-11-1953,False,False,Agnes and Tronte arrive to Winden.,"Agnes Nielsen (J), Tronte Nielsen (J)",False
,499,Jonas,10-11-1953,False,False,Agnes and Tronte meet the Tiedemann's.,"Agnes Nielsen (J), Tronte Nielsen (J), Egon Tiedemann (J), Claudia Tiedemann (J), Doris Tiedemann (J)",False
,500,Jonas,10-11-1953,False,False,Child Claudia teaches the town to Tronte. Helge accompanies them.,"Tronte Nielsen (J), Claudia Tiedemann (J), Helge Doppler (J), gretchen",True
,501,Jonas,10-11-1953,False,False,Child Helge puts Gretchen in the cave.,"Helge Doppler (J), gretchen",True
,502,Jonas,10-11-1953,False,False,Adult Ulrich leaves his phone at Adult H.G. Tannhaus' shop.,"Ulrich Nielsen (J), H.G. Tannhaus",False
,503,Jonas,10-11-1953,False,False,Ulrich visits the police station and finds out that the little boy is Helge.,"Ulrich Nielsen (J), Helge Doppler (J), Egon Tiedemann (J)",True
,504,Jonas,10-11-1953,True,False,Ulrich tries to kill little Helge so that he could prevent all the kids' murders.,"Ulrich Nielsen (J), Helge Doppler (J)",False
,505,Jonas,11-11-1953,False,False,Adult Ulrich is arrested by adult Egon for Yasin and Erik's murders and the suspected murder of child Helge.,"Ulrich Nielsen (J), Egon Tiedemann (J)",False
,506,Jonas,11-11-1953,False,False,Helge wakes up in the bunker.,Helge Doppler (J),True
,507,Jonas,12-11-2019,False,False,Charlotte finds a 1953 newspaper article with a mugshot of Ulrich.,Charlotte Doppler (J),False
,508,Jonas,11-11-1953,False,False,Claudia Tiedemann visits adult H.G. Tannhaus and asks him to build the time machine.,"H.G. Tannhaus, Claudia Tiedemann (J)",False
,509,Jonas,12-11-1953,False,False,Child Helge goes to 1986 through the wormhole after touching Jonas.,"Jonas Kahnwald / Adam (J), Helge Doppler (J)",False
,510,Jonas,23-06-1954,False,False,Adult Noah arrives from 1921.,Noah / Hanno Tauber (J),True
,511,Jonas,23-06-1954,False,False,Agnes and Doris become lovers.,"Agnes Nielsen (J), Doris Tiedemann (J)",False
,512,Jonas,23-06-1954,False,False,Daniel encourages Egon to have an affair.,"Egon Tiedemann (J), Daniel Kahnwald",True
,513,Jonas,23-06-1954,False,False,Greta asks adult Noah to help with child Helge and gets him to speak.,"Greta Doppler (J), Helge Doppler (J), Noah / Hanno Tauber (J)",False
,514,Jonas,23-06-1954,False,False,Child Helge returns home.,"Greta Doppler (J), Helge Doppler (J)",True
,515,Jonas,23-06-1954,False,False,Adult Agnes tells adult Noah that old Claudia has the missing Triquetra pages on her.,"Agnes Nielsen (J), Noah / Hanno Tauber (J)",False
,516,Jonas,23-06-1954,False,True,Adult Noah kills old Claudia.,"Noah / Hanno Tauber (J), Claudia Tiedemann (J)",False
,517,Jonas,23-06-1954,False,False,Adult Noah looks at the pages old Claudia had on her and gets upset by what he learns about Charlotte.,Noah / Hanno Tauber (J),True
,518,Jonas,23-06-1954,False,False,"Old Claudia visits adult H.G. Tannhaus, gives him A Journey Through Time and tells him to explain the machine to her one day.","Claudia Tiedemann (J), H.G. Tannhaus",False
,519,Jonas,22-06-1954,False,False,Old Claudia buries the time machine in the future yard of adult Claudia.,Claudia Tiedemann (J),False
,520,Jonas,23-06-1954,False,False,Adult Agnes meets old Claudia in the bunker and receives instructions to give the obituary to younger Claudia.,"Agnes Nielsen (J), Claudia Tiedemann (J)",False
,521,Jonas,26-06-1954,False,False,Egon shows Helge a photo of old Claudia and he says she is the white devil.,"Egon Tiedemann (J), Helge Doppler (J)",True
,522,Jonas,26-06-1954,False,False,Adult Hannah and adult Egon flirt.,"Egon Tiedemann (J), Hannah Kahnwald (J)",False
,523,Jonas,26-06-1954,False,False,Adult Hannah arrives from 2020 and goes to adult Egon's office to try and find adult Ulrich.,"Hannah Kahnwald (J), Egon Tiedemann (J)",True
,524,Jonas,26-06-1954,False,False,Adult Hannah asks adult Ulrich to choose between her and Katharina at the psychiatric hospital.,"Hannah Kahnwald (J), Ulrich Nielsen (J)",True
,525,Jonas,26-06-1954,False,False,Adult Hannah abandons adult Ulrich.,"Hannah Kahnwald (J), Ulrich Nielsen (J)",False
,526,Jonas,24-09-1954,False,False,Adult Egon has an affair with adult Hannah. he gives her the Saint Christopher pendant.,"Egon Tiedemann (J), Hannah Kahnwald (J)",True
,527,Jonas,24-09-1954,False,False,Doris is worried about Agnes' disappearance.,"Doris Tiedemann (J), Egon Tiedemann (J)",True
,528,Jonas,24-09-1954,False,False,"Doris finds a small handkerchief in the laundry with the H.T. initials. Hanno Tauber, the priest who disappeared with Agnes.",Doris Tiedemann (J),False
,529,Jonas,24-09-1954,False,False,Adult Greta asks adult Egon to find Hanno Tauber.,"Greta Doppler (J), Egon Tiedemann (J)",False
,530,Jonas,24-09-1954,False,False,Adult Doris goes to the church and meets the unknown man. She asks them about Agnes and he insinuates that her husband is cheating on her.,"Doris Tiedemann (J), Unknown",False
,531,Jonas,24-09-1954,False,False,"Unknown man meets teen Tronte. He knows him and his mother. Actually the unknown man chose his name, Tronte.","Tronte Nielsen (J), Unknown",False
,532,Jonas,24-09-1954,False,False,The unknown man gives teen Tronte a bracelet that belonged to his mother.,"Tronte Nielsen (J), Unknown",True
,533,Jonas,24-09-1954,False,False,Teen Jana and teen Tronte make friends and he gifts her the bracelet.,"Tronte Nielsen (J), Jana Nielsen (J)",False
,534,Jonas,24-09-1954,True,False,The unknown trio ambushed Winden's mayor and force him to sign the license to build the nuclear power plant.,Unknown,True
,535,Jonas,24-09-1954,False,False,Adult Hannah finds out she's pregnant.,Hannah Kahnwald (J),True
,536,Jonas,24-09-1954,False,False,Adult Hannah tells Egon that she is pregnant and decides to abort. Egon recommends Dr. Obendorf.,"Hannah Kahnwald (J), Egon Tiedemann (J)",False
,537,Jonas,24-09-1954,False,False,Adult Doris and adult Egon break up and Egon goes into depression.,"Egon Tiedemann (J), Doris Tiedemann (J)",False
,538,Jonas,24-09-1954,False,False,Hannah meets a young Helene Albers and they become friends.,"Hannah Kahnwald (J), Helene Albers (J)",True
,539,Jonas,24-09-1954,False,False,Adult Hannah decides not to abort and gives young Helene the Saint Christopher pendant.,"Hannah Kahnwald (J), Helene Albers (J)",False
,540,Jonas,24-09-1954,False,False,Adult Hannah uses the time machine and leaves for 1888.,Hannah Kahnwald (J),True
,541,Jonas,01-01-1971,False,False,Adult Elisabeth and adult Charlotte arrive to 1971.,"Elisabeth Doppler (J), Charlotte Doppler (J)",True
,542,Jonas,01-01-1971,False,False,Adult Elisabeth and adult Charlotte show up at the Tannhaus door and hand him little Charlotte.,"Charlotte Doppler (J), Elisabeth Doppler (J)",True
,543,Jonas,01-01-1971,False,False,Marek argue with his father H.G. Tannhaus because he doesn't pay him enough attention.,"H.G. Tannhaus, Marek Tannhaus",False
,544,Jonas,01-01-1971,False,False,"Marek, Sonja and their daugther Charlotte take the car although it's raining.","Marek Tannhaus, Sonja Tannhaus, Charlotte Tannhaus",True
,545,Jonas,01-01-1971,False,False,"As his son, daughter-in-law and granddaughter die in the car accident, Tannhaus treats the baby as his granddaughter Charlotte.","H.G. Tannhaus, Charlotte Doppler (J)",False
,546,Jonas,01-01-1971,True,False,"Marek, Sonja and little Charlotte die in a car accident.","Marek Tannhaus, Sonja Tannhaus, Charlotte Tannhaus",True
